,ts_code,trade_date,open,high,low,close,pre_close,change,pct_chg,vol,amount
0,300621.SZ,20200228,12.0,12.0,11.1,11.1,12.33,-1.23,-9.9757,112066.34,128232.287
1,300621.SZ,20200227,12.33,12.33,12.33,12.33,11.21,1.12,9.9911,9579.0,11810.907
2,300621.SZ,20200226,11.21,11.21,11.21,11.21,10.19,1.02,10.0098,16684.93,18703.806
3,300621.SZ,20200225,9.99,10.19,9.61,10.19,10.08,0.11,1.0913,24563.45,24263.138
4,300621.SZ,20200224,10.13,10.14,10.02,10.08,10.12,-0.04,-0.3953,12408.04,12504.127
5,300621.SZ,20200221,10.02,10.24,9.99,10.12,10.11,0.01,0.0989,14124.92,14323.166
6,300621.SZ,20200220,9.93,10.11,9.89,10.11,9.93,0.18,1.8127,11482.72,11520.034
7,300621.SZ,20200219,10.16,10.24,9.89,9.93,10.01,-0.08,-0.7992,19941.37,20062.016
8,300621.SZ,20200218,9.9,10.08,9.75,10.01,9.84,0.17,1.7276,11904.0,11762.775
9,300621.SZ,20200217,9.6,9.86,9.54,9.84,9.62,0.22,2.2869,14196.86,13843.019
10,300621.SZ,20200214,9.71,9.72,9.53,9.62,9.68,-0.06,-0.6198,8775.1,8442.35
11,300621.SZ,20200213,9.65,9.7,9.48,9.68,9.6,0.08,0.8333,13042.51,12516.605
12,300621.SZ,20200212,9.54,9.63,9.45,9.6,9.55,0.05,0.5236,11356.07,10848.277
13,300621.SZ,20200211,9.63,9.63,9.41,9.55,9.63,-0.08,-0.8307,9165.5,8730.204
14,300621.SZ,20200210,9.32,9.64,9.2,9.63,9.32,0.31,3.3262,14068.73,13315.444
15,300621.SZ,20200207,9.31,9.45,9.1,9.32,9.31,0.01,0.1074,12069.0,11172.983
16,300621.SZ,20200206,9.25,9.41,9.12,9.31,9.23,0.08,0.8667,11943.5,11092.279
17,300621.SZ,20200205,9.1,9.39,9.1,9.23,9.05,0.18,1.989,12938.02,11987.234
18,300621.SZ,20200204,8.64,9.4,8.62,9.05,9.54,-0.49,-5.1363,21536.15,19528.829
19,300621.SZ,20200203,9.54,9.54,9.54,9.54,10.6,-1.06,-10.0,2308.0,2201.832
20,300621.SZ,20200123,11.04,11.07,10.2,10.6,11.1,-0.5,-4.5045,14568.42,15688.369
21,300621.SZ,20200122,11.01,11.14,10.83,11.1,11.06,0.04,0.3617,13201.0,14493.381
22,300621.SZ,20200121,11.22,11.27,11.01,11.06,11.25,-0.19,-1.6889,16761.12,18571.762
23,300621.SZ,20200120,11.08,11.3,11.04,11.25,11.08,0.17,1.5343,25133.51,28089.601
24,300621.SZ,20200117,11.09,11.25,11.02,11.08,11.02,0.06,0.5445,17957.5,19989.017
25,300621.SZ,20200116,11.2,11.2,11.02,11.02,11.21,-0.19,-1.6949,15801.0,17523.655
26,300621.SZ,20200115,11.3,11.3,11.11,11.21,11.31,-0.1,-0.8842,27168.0,30427.614
27,300621.SZ,20200114,11.11,11.33,11.01,11.31,11.11,0.2,1.8002,34394.0,38378.465
28,300621.SZ,20200113,11.02,11.18,10.85,11.11,11.09,0.02,0.1803,23150.0,25555.166
29,300621.SZ,20200110,10.99,11.12,10.71,11.09,10.97,0.12,1.0939,22897.01,25171.009
30,300621.SZ,20200109,10.83,11.07,10.78,10.97,10.72,0.25,2.3321,17558.52,19143.904
31,300621.SZ,20200108,11.12,11.12,10.69,10.72,10.95,-0.23,-2.1005,20847.11,22616.115
32,300621.SZ,20200107,10.79,11.0,10.79,10.95,10.76,0.19,1.7658,17461.11,19046.598
33,300621.SZ,20200106,10.66,10.78,10.58,10.76,10.69,0.07,0.6548,13885.51,14869.351
34,300621.SZ,20200103,10.88,10.88,10.64,10.69,10.76,-0.07,-0.6506,14941.0,16016.247
35,300621.SZ,20200102,10.47,10.76,10.44,10.76,10.4,0.36,3.4615,19942.42,21206.666
36,300621.SZ,20191231,10.43,10.5,10.26,10.4,10.43,-0.03,-0.2876,14269.5,14806.414
37,300621.SZ,20191230,10.54,10.54,10.29,10.43,10.61,-0.18,-1.6965,14120.0,14670.987
38,300621.SZ,20191227,10.76,10.82,10.51,10.61,10.75,-0.14,-1.3023,14073.5,15021.909
39,300621.SZ,20191226,10.68,10.82,10.67,10.75,10.79,-0.04,-0.3707,8341.5,8952.138
40,300621.SZ,20191225,10.68,10.85,10.53,10.79,10.61,0.18,1.6965,12886.0,13834.371
41,300621.SZ,20191224,10.53,10.68,10.51,10.61,10.52,0.09,0.8555,9584.1,10159.741
42,300621.SZ,20191223,10.66,10.78,10.5,10.52,10.79,-0.27,-2.5023,11277.56,12002.666
43,300621.SZ,20191220,10.88,11.13,10.77,10.79,10.85,-0.06,-0.553,18420.5,20189.13
44,300621.SZ,20191219,10.87,10.95,10.78,10.85,10.84,0.01,0.0923,15826.0,17195.16
45,300621.SZ,20191218,10.8,10.94,10.75,10.84,10.81,0.03,0.2775,18942.0,20540.901
46,300621.SZ,20191217,10.66,10.9,10.66,10.81,10.74,0.07,0.6518,22548.0,24323.154
47,300621.SZ,20191216,10.55,10.78,10.5,10.74,10.56,0.18,1.7045,19712.0,21071.144
48,300621.SZ,20191213,10.46,10.61,10.46,10.56,10.46,0.1,0.956,18132.0,19111.325
49,300621.SZ,20191212,10.48,10.53,10.4,10.46,10.51,-0.05,-0.4757,8429.0,8807.705
50,300621.SZ,20191211,10.47,10.61,10.37,10.51,10.49,0.02,0.1907,10215.0,10705.324
51,300621.SZ,20191210,10.32,10.55,10.25,10.49,10.32,0.17,1.6473,16227.6,16940.074
52,300621.SZ,20191209,10.35,10.39,10.25,10.32,10.3,0.02,0.1942,8645.5,8931.04
53,300621.SZ,20191206,10.27,10.34,10.21,10.3,10.27,0.03,0.2921,9878.0,10151.798
54,300621.SZ,20191205,10.22,10.31,10.18,10.27,10.21,0.06,0.5877,12828.93,13170.842
55,300621.SZ,20191204,10.2,10.34,10.15,10.21,10.3,-0.09,-0.8738,10687.0,10952.137
56,300621.SZ,20191203,10.14,10.39,10.13,10.3,10.12,0.18,1.7787,21923.0,22606.921
57,300621.SZ,20191202,10.12,10.19,10.05,10.12,10.09,0.03,0.2973,5747.0,5826.67
58,300621.SZ,20191129,10.08,10.14,9.98,10.09,10.04,0.05,0.498,5856.5,5886.132
59,300621.SZ,20191128,10.13,10.18,10.01,10.04,10.15,-0.11,-1.0837,7082.5,7137.727
60,300621.SZ,20191127,10.3,10.3,10.07,10.15,10.29,-0.14,-1.3605,8993.5,9134.628
61,300621.SZ,20191126,10.07,10.5,10.07,10.29,10.07,0.22,2.1847,11949.5,12269.127
62,300621.SZ,20191125,10.16,10.19,10.03,10.07,10.09,-0.02,-0.1982,8283.0,8364.277
63,300621.SZ,20191122,10.34,10.38,10.06,10.09,10.26,-0.17,-1.6569,15758.0,16100.931
64,300621.SZ,20191121,10.4,10.4,10.05,10.26,10.38,-0.12,-1.1561,12395.93,12698.94
65,300621.SZ,20191120,10.72,10.89,10.32,10.38,10.51,-0.13,-1.2369,26283.43,27986.732
66,300621.SZ,20191119,10.24,10.53,10.23,10.51,10.22,0.29,2.8376,11854.5,12360.323
67,300621.SZ,20191118,10.0,10.32,9.99,10.22,10.07,0.15,1.4896,8065.5,8207.239
68,300621.SZ,20191115,10.35,10.45,10.05,10.07,10.35,-0.28,-2.7053,9334.5,9509.564
69,300621.SZ,20191114,10.26,10.45,10.26,10.35,10.26,0.09,0.8772,9054.5,9386.114
70,300621.SZ,20191113,10.43,10.43,10.23,10.26,10.38,-0.12,-1.1561,6291.5,6496.345
71,300621.SZ,20191112,10.42,10.5,10.21,10.38,10.35,0.03,0.2899,7366.0,7624.0
72,300621.SZ,20191111,10.83,10.83,10.34,10.35,10.88,-0.53,-4.8713,12178.0,12797.997
73,300621.SZ,20191108,11.08,11.18,10.88,10.88,11.02,-0.14,-1.2704,8920.5,9817.274
74,300621.SZ,20191107,10.93,11.09,10.8,11.02,10.9,0.12,1.1009,10408.0,11437.099
75,300621.SZ,20191106,11.01,11.15,10.85,10.9,11.08,-0.18,-1.6245,10133.5,11135.596
76,300621.SZ,20191105,11.07,11.15,10.92,11.08,11.05,0.03,0.2715,19156.5,21186.567
77,300621.SZ,20191104,10.78,11.08,10.77,11.05,10.78,0.27,2.5046,20378.5,22363.799
78,300621.SZ,20191101,10.44,10.78,10.35,10.78,10.5,0.28,2.6667,14520.42,15443.626
79,300621.SZ,20191031,10.58,10.66,10.36,10.5,10.57,-0.07,-0.6623,11000.5,11553.118
80,300621.SZ,20191030,10.98,10.98,10.54,10.57,10.93,-0.36,-3.2937,18539.42,19789.682
81,300621.SZ,20191029,11.28,11.29,10.92,10.93,11.35,-0.42,-3.7004,18086.58,20104.827
82,300621.SZ,20191028,10.82,11.37,10.82,11.35,10.92,0.43,3.9377,28403.42,31727.838
83,300621.SZ,20191025,10.97,11.01,10.77,10.92,10.97,-0.05,-0.4558,11752.92,12784.961
84,300621.SZ,20191024,10.8,10.97,10.73,10.97,10.8,0.17,1.5741,13285.5,14463.79
85,300621.SZ,20191023,10.98,11.03,10.75,10.8,10.98,-0.18,-1.6393,11094.51,12092.725
86,300621.SZ,20191022,11.02,11.07,10.87,10.98,10.98,0.0,0.0,11058.5,12109.43
87,300621.SZ,20191021,11.35,11.41,10.82,10.98,11.2,-0.22,-1.9643,16855.01,18517.61
88,300621.SZ,20191018,11.19,11.54,11.14,11.2,11.16,0.04,0.3584,20548.5,23315.91
89,300621.SZ,20191017,11.42,11.42,11.11,11.16,11.29,-0.13,-1.1515,13131.0,14741.565
90,300621.SZ,20191016,11.51,11.59,11.28,11.29,11.52,-0.23,-1.9965,14877.5,16982.678
91,300621.SZ,20191015,11.58,11.64,11.33,11.52,11.63,-0.11,-0.9458,27376.0,31500.333
92,300621.SZ,20191014,11.5,11.63,11.35,11.63,11.4,0.23,2.0175,40164.97,46187.618
93,300621.SZ,20191011,11.39,11.56,11.22,11.4,11.35,0.05,0.4405,31208.6,35558.128
94,300621.SZ,20191010,11.29,11.5,11.18,11.35,11.3,0.05,0.4425,24251.01,27444.332
95,300621.SZ,20191009,11.08,11.4,11.01,11.3,11.17,0.13,1.1638,23744.5,26701.578
96,300621.SZ,20191008,10.92,11.36,10.92,11.17,10.91,0.26,2.3831,26503.78,29591.844
97,300621.SZ,20190930,10.99,11.22,10.91,10.91,10.99,-0.08,-0.7279,19775.5,21914.554
98,300621.SZ,20190927,10.8,11.1,10.8,10.99,10.87,0.12,1.104,23588.06,25947.569
99,300621.SZ,20190926,11.17,11.24,10.8,10.87,11.17,-0.3,-2.6858,31124.5,34132.045
100,300621.SZ,20190925,11.34,11.55,11.15,11.17,11.44,-0.27,-2.3601,26641.0,30126.875
101,300621.SZ,20190924,11.93,11.93,11.4,11.44,11.91,-0.47,-3.9463,45044.5,52287.737
102,300621.SZ,20190923,11.82,12.18,11.66,11.91,12.19,-0.28,-2.297,42283.0,50372.778
103,300621.SZ,20190920,11.68,12.35,11.62,12.19,11.68,0.51,4.3664,91024.45,110397.795
104,300621.SZ,20190919,11.6,11.74,11.5,11.68,11.59,0.09,0.7765,50107.83,58203.994
105,300621.SZ,20190918,12.4,12.46,11.23,11.59,12.4,-0.81,-6.5323,74943.38,89227.069
106,300621.SZ,20190917,12.31,12.47,12.21,12.4,12.29,0.11,0.895,68205.84,84292.988
107,300621.SZ,20190916,12.28,12.36,12.2,12.29,12.25,0.04,0.3265,34995.5,42957.701
108,300621.SZ,20190912,12.36,12.39,12.21,12.25,12.31,-0.06,-0.4874,37175.86,45637.198
109,300621.SZ,20190911,12.22,12.39,12.18,12.31,12.29,0.02,0.1627,49362.79,60639.448
110,300621.SZ,20190910,12.5,12.56,12.15,12.29,12.61,-0.32,-2.5377,70880.31,86966.031
111,300621.SZ,20190909,12.44,12.61,12.38,12.61,12.4,0.21,1.6935,71469.24,89462.078
112,300621.SZ,20190906,12.59,12.72,12.23,12.4,12.63,-0.23,-1.8211,87270.06,108809.639
113,300621.SZ,20190905,12.63,12.84,12.32,12.63,12.77,-0.14,-1.0963,128343.24,161631.206
114,300621.SZ,20190904,12.99,13.19,12.61,12.77,13.5,-0.73,-5.4074,177450.33,229019.962
115,300621.SZ,20190903,14.58,15.27,13.08,13.5,13.88,-0.38,-2.7378,263596.03,369871.327
116,300621.SZ,20190902,12.7,13.88,12.7,13.88,12.62,1.26,9.9842,89199.14,118611.85
117,300621.SZ,20190830,12.0,12.62,11.9,12.62,11.47,1.15,10.0262,172950.58,215411.968
118,300621.SZ,20190829,10.49,11.47,10.41,11.47,10.43,1.04,9.9712,59099.24,65900.474
119,300621.SZ,20190828,10.68,10.79,10.43,10.43,10.67,-0.24,-2.2493,19880.26,20944.805
120,300621.SZ,20190827,10.72,10.78,10.58,10.67,10.71,-0.04,-0.3735,22084.82,23614.356
121,300621.SZ,20190826,10.45,10.8,10.45,10.71,10.82,-0.11,-1.0166,20612.12,21964.261
122,300621.SZ,20190823,10.63,11.17,10.55,10.82,10.58,0.24,2.2684,54681.47,59743.47
123,300621.SZ,20190822,10.6,10.69,10.46,10.58,10.69,-0.11,-1.029,17994.0,19029.137
124,300621.SZ,20190821,10.8,10.97,10.61,10.69,10.88,-0.19,-1.7463,28302.21,30424.673
125,300621.SZ,20190820,10.62,11.13,10.51,10.88,10.62,0.26,2.4482,55892.24,60371.234
126,300621.SZ,20190819,10.77,10.83,10.56,10.62,10.41,0.21,2.0173,47657.62,50907.605
127,300621.SZ,20190816,10.29,10.5,10.21,10.41,10.36,0.05,0.4826,21922.48,22726.718
128,300621.SZ,20190815,10.09,10.41,10.02,10.36,10.28,0.08,0.7782,15383.48,15749.93
129,300621.SZ,20190814,10.08,10.38,10.04,10.28,10.01,0.27,2.6973,22560.1,23094.372
130,300621.SZ,20190813,10.0,10.22,9.91,10.01,10.06,-0.05,-0.497,7094.73,7117.721
131,300621.SZ,20190812,9.86,10.23,9.86,10.06,9.95,0.11,1.1055,12026.0,12068.134
132,300621.SZ,20190809,9.93,10.14,9.71,9.95,9.93,0.02,0.2014,14635.64,14552.152
133,300621.SZ,20190808,9.85,10.1,9.78,9.93,9.79,0.14,1.43,13378.51,13280.012
134,300621.SZ,20190807,9.98,10.05,9.73,9.79,9.87,-0.08,-0.8105,5629.55,5572.58
135,300621.SZ,20190806,10.05,10.05,9.52,9.87,10.08,-0.21,-2.0833,5716.12,5612.848
136,300621.SZ,20190805,10.18,10.21,10.05,10.08,10.15,-0.07,-0.6897,5689.73,5767.398
137,300621.SZ,20190802,10.06,10.25,10.03,10.15,10.17,-0.02,-0.1967,8719.52,8810.974
138,300621.SZ,20190801,10.2,10.33,10.11,10.17,10.26,-0.09,-0.8772,10436.54,10641.117
139,300621.SZ,20190731,10.15,10.28,10.09,10.26,10.15,0.11,1.0837,11980.9,12212.04
140,300621.SZ,20190730,10.1,10.18,10.1,10.15,10.1,0.05,0.495,6706.16,6798.914
141,300621.SZ,20190729,9.97,10.14,9.96,10.1,9.95,0.15,1.5075,7702.74,7758.617
142,300621.SZ,20190726,9.79,10.05,9.73,9.95,9.83,0.12,1.2208,15792.54,15758.062
143,300621.SZ,20190725,9.78,9.84,9.73,9.83,9.78,0.05,0.5112,4195.81,4105.076
144,300621.SZ,20190724,9.65,9.85,9.64,9.78,9.64,0.14,1.4523,5343.95,5226.091
145,300621.SZ,20190723,9.54,9.64,9.51,9.64,9.54,0.1,1.0482,2333.99,2242.028
146,300621.SZ,20190722,9.94,9.94,9.5,9.54,9.86,-0.32,-3.2454,6364.4,6121.89
147,300621.SZ,20190719,9.9,9.99,9.81,9.86,9.83,0.03,0.3052,3740.35,3700.174
148,300621.SZ,20190718,9.98,9.98,9.83,9.83,9.97,-0.14,-1.4042,3915.0,3872.102
149,300621.SZ,20190717,9.99,10.07,9.95,9.97,10.03,-0.06,-0.5982,4674.28,4673.921
150,300621.SZ,20190716,9.98,10.03,9.97,10.03,10.0,0.03,0.3,5362.79,5363.62
151,300621.SZ,20190715,9.82,10.0,9.82,10.0,9.82,0.18,1.833,9048.65,8983.396
152,300621.SZ,20190712,9.8,9.9,9.7,9.82,9.8,0.02,0.2041,4061.87,3986.985
153,300621.SZ,20190711,9.77,9.91,9.76,9.8,9.75,0.05,0.5128,3684.55,3618.659
154,300621.SZ,20190710,9.8,9.89,9.63,9.75,9.87,-0.12,-1.2158,5620.77,5490.783
155,300621.SZ,20190709,9.9,9.93,9.71,9.87,9.94,-0.07,-0.7042,9307.39,9135.884
156,300621.SZ,20190708,10.11,10.13,9.73,9.94,10.09,-0.15,-1.4866,12396.4,12316.093
157,300621.SZ,20190705,10.15,10.15,10.01,10.09,10.07,0.02,0.1986,5576.0,5612.621
158,300621.SZ,20190704,10.17,10.24,10.09,10.15,10.2,-0.05,-0.4902,5503.31,5597.054
159,300621.SZ,20190703,10.35,10.35,10.14,10.2,10.34,-0.14,-1.354,6571.03,6704.245
160,300621.SZ,20190702,10.3,10.35,10.21,10.34,10.3,0.04,0.3883,8021.32,8267.981
161,300621.SZ,20190701,10.15,10.33,10.13,10.3,10.08,0.22,2.1825,9486.57,9744.436
162,300621.SZ,20190628,10.29,10.29,9.91,10.08,10.21,-0.13,-1.2733,10564.14,10610.686
163,300621.SZ,20190627,10.27,10.3,10.17,10.21,10.21,0.0,0.0,6709.64,6878.076
164,300621.SZ,20190626,10.2,10.3,10.14,10.21,10.23,-0.02,-0.1955,6518.13,6664.24
165,300621.SZ,20190625,10.34,10.34,10.04,10.23,10.34,-0.11,-1.0638,9369.3,9523.29
166,300621.SZ,20190624,10.46,10.46,10.26,10.34,10.49,-0.15,-1.4299,11588.37,11971.846
167,300621.SZ,20190621,10.35,10.56,10.31,10.49,10.23,0.26,2.5415,23443.71,24448.947
168,300621.SZ,20190620,10.11,10.26,10.08,10.23,10.12,0.11,1.087,8270.5,8419.996
169,300621.SZ,20190619,10.18,10.24,10.11,10.12,10.06,0.06,0.5964,7639.0,7787.589
170,300621.SZ,20190618,10.1,10.18,9.93,10.06,10.1,-0.04,-0.396,5270.86,5314.568
171,300621.SZ,20190617,10.04,10.18,9.91,10.1,9.96,0.14,1.4056,5019.5,5052.37
172,300621.SZ,20190614,10.32,10.32,9.92,9.96,10.3,-0.34,-3.301,8047.5,8148.3
173,300621.SZ,20190613,10.14,10.33,10.11,10.3,10.19,0.11,1.0795,15795.5,16195.964
174,300621.SZ,20190612,10.06,10.24,10.06,10.19,10.12,0.07,0.6917,10845.5,11028.99
175,300621.SZ,20190611,9.8,10.15,9.71,10.12,9.77,0.35,3.5824,12155.5,12214.988
176,300621.SZ,20190610,9.79,9.85,9.62,9.77,9.7,0.07,0.7216,3137.5,3066.275
177,300621.SZ,20190606,9.92,9.96,9.6,9.7,9.94,-0.24,-2.4145,6906.33,6727.888
178,300621.SZ,20190605,9.91,10.01,9.9,9.94,9.85,0.09,0.9137,4889.0,4864.506
179,300621.SZ,20190604,10.0,10.1,9.8,9.85,10.05,-0.2,-1.99,5895.5,5847.172
180,300621.SZ,20190603,10.11,10.22,10.0,10.05,10.11,-0.06,-0.5935,7234.21,7302.915
181,300621.SZ,20190531,10.08,10.15,10.0,10.11,10.08,0.03,0.2976,5892.5,5952.904
182,300621.SZ,20190530,10.09,10.12,9.9,10.08,10.1,-0.02,-0.198,6641.0,6642.799
183,300621.SZ,20190529,9.99,10.26,9.95,10.1,9.99,0.11,1.1011,11501.74,11640.212
184,300621.SZ,20190528,10.02,10.14,9.97,9.99,10.02,-0.03,-0.2994,10290.01,10365.293
185,300621.SZ,20190527,9.89,10.09,9.75,10.02,9.87,0.15,1.5198,10755.88,10749.487
186,300621.SZ,20190524,9.93,9.97,9.53,9.87,9.96,-0.09,-0.9036,6795.19,6667.879
187,300621.SZ,20190523,10.06,10.13,9.79,9.96,10.1,-0.14,-1.3861,7402.0,7363.996
188,300621.SZ,20190522,10.23,10.28,10.03,10.1,10.21,-0.11,-1.0774,10739.16,10911.99
189,300621.SZ,20190521,9.92,10.24,9.91,10.21,9.96,0.25,2.51,12181.0,12302.513
190,300621.SZ,20190520,9.87,9.98,9.72,9.96,9.85,0.11,1.1168,6213.66,6129.621
191,300621.SZ,20190517,10.28,10.36,9.7,9.85,10.27,-0.42,-4.0896,14495.5,14606.705
192,300621.SZ,20190516,10.07,10.27,10.04,10.27,10.09,0.18,1.7839,12279.88,12469.388
193,300621.SZ,20190515,10.09,10.15,10.0,10.09,9.98,0.11,1.1022,9699.17,9768.655
194,300621.SZ,20190514,9.89,10.34,9.88,9.98,9.99,-0.01,-0.1001,9159.0,9209.17
195,300621.SZ,20190513,9.99,10.06,9.8,9.99,10.04,-0.05,-0.498,6826.44,6803.206
196,300621.SZ,20190510,9.9,10.07,9.75,10.04,9.79,0.25,2.5536,12388.1,12335.15
197,300621.SZ,20190509,9.59,9.86,9.59,9.79,9.72,0.07,0.7202,9401.76,9215.505
198,300621.SZ,20190508,9.54,9.88,9.43,9.72,9.72,0.0,0.0,7229.0,7028.52
199,300621.SZ,20190507,9.54,9.78,9.52,9.72,9.52,0.2,2.1008,12039.01,11613.994
200,300621.SZ,20190506,9.99,9.99,9.3,9.52,10.18,-0.66,-6.4833,16226.51,15644.973
201,300621.SZ,20190430,10.17,10.25,9.95,10.18,10.0,0.18,1.8,11739.34,11910.381
202,300621.SZ,20190429,10.44,10.44,9.92,10.0,10.36,-0.36,-3.4749,14814.61,15048.907
203,300621.SZ,20190426,10.65,10.68,10.35,10.36,10.66,-0.3,-2.8143,18138.5,19011.219
204,300621.SZ,20190425,11.3,11.3,10.61,10.66,11.44,-0.78,-6.8182,39455.18,43490.34
205,300621.SZ,20190424,11.33,11.44,11.13,11.44,11.3,0.14,1.2389,22291.21,25188.614
206,300621.SZ,20190423,11.44,11.44,11.09,11.3,11.44,-0.14,-1.2238,27515.55,30925.521
207,300621.SZ,20190422,11.54,11.66,11.36,11.44,11.42,0.02,0.1751,35986.38,41303.739
208,300621.SZ,20190419,11.29,11.44,11.08,11.42,11.36,0.06,0.5282,27091.83,30530.455
209,300621.SZ,20190418,11.27,11.48,11.18,11.36,11.21,0.15,1.3381,30776.39,35024.505
210,300621.SZ,20190417,11.13,11.29,11.11,11.21,11.18,0.03,0.2683,21839.34,24497.075
211,300621.SZ,20190416,11.01,11.19,10.77,11.18,11.08,0.1,0.9025,22202.51,24391.519
212,300621.SZ,20190415,11.4,11.44,11.05,11.08,11.3,-0.22,-1.9469,24075.0,27109.886
213,300621.SZ,20190412,11.2,11.4,11.13,11.3,11.13,0.17,1.5274,16977.51,19057.161
214,300621.SZ,20190411,11.44,11.5,11.12,11.13,11.44,-0.31,-2.7098,21826.5,24603.158
215,300621.SZ,20190410,11.25,11.52,11.11,11.44,11.28,0.16,1.4184,32063.34,36481.808
216,300621.SZ,20190409,11.3,11.34,11.11,11.28,11.3,-0.02,-0.177,18052.66,20246.164
217,300621.SZ,20190408,11.26,11.69,11.0,11.3,11.26,0.04,0.3552,25639.86,28978.441
218,300621.SZ,20190404,11.46,11.46,11.15,11.26,11.37,-0.11,-0.9675,26615.36,30032.532
219,300621.SZ,20190403,11.1,11.38,11.07,11.37,11.16,0.21,1.8817,26375.33,29653.166
220,300621.SZ,20190402,11.25,11.25,11.1,11.16,11.21,-0.05,-0.446,28003.15,31298.078
221,300621.SZ,20190401,10.9,11.33,10.9,11.21,10.96,0.25,2.281,39760.66,44329.84
222,300621.SZ,20190329,10.61,11.05,10.53,10.96,10.58,0.38,3.5917,20795.25,22479.723
223,300621.SZ,20190328,10.61,10.79,10.51,10.58,10.7,-0.12,-1.1215,13047.35,13871.82
224,300621.SZ,20190327,10.75,10.85,10.57,10.7,10.74,-0.04,-0.3724,14098.01,15038.21
225,300621.SZ,20190326,11.07,11.16,10.67,10.74,11.07,-0.33,-2.981,19927.84,21729.025
226,300621.SZ,20190325,11.03,11.25,11.0,11.07,11.34,-0.27,-2.381,18053.41,20092.751
227,300621.SZ,20190322,11.31,11.35,11.14,11.34,11.36,-0.02,-0.1761,27900.45,31410.53
228,300621.SZ,20190321,11.07,11.65,11.06,11.36,11.07,0.29,2.6197,42362.17,48013.416
229,300621.SZ,20190320,10.98,11.13,10.81,11.07,10.98,0.09,0.8197,24091.51,26485.366
230,300621.SZ,20190319,11.13,11.16,10.95,10.98,11.11,-0.13,-1.1701,24780.5,27367.284
231,300621.SZ,20190318,10.95,11.11,10.77,11.11,10.98,0.13,1.184,30587.04,33542.987
232,300621.SZ,20190315,10.76,11.1,10.75,10.98,10.92,0.06,0.5495,32790.51,35753.909
233,300621.SZ,20190314,10.87,11.17,10.36,10.92,10.88,0.04,0.3676,54451.33,59256.196
234,300621.SZ,20190313,11.15,11.15,10.78,10.88,11.14,-0.26,-2.3339,27916.0,30609.43
235,300621.SZ,20190312,11.1,11.25,10.86,11.14,11.12,0.02,0.1799,46856.86,51933.32
236,300621.SZ,20190311,10.76,11.12,10.53,11.12,10.73,0.39,3.6347,53151.25,57677.409
237,300621.SZ,20190308,10.6,11.32,10.48,10.73,10.83,-0.1,-0.9234,57589.51,62569.111
238,300621.SZ,20190307,10.71,10.95,10.56,10.83,10.74,0.09,0.838,34688.0,37300.535
239,300621.SZ,20190306,10.52,10.75,10.45,10.74,10.58,0.16,1.5123,33524.01,35601.055
240,300621.SZ,20190305,10.4,10.59,10.25,10.58,10.4,0.18,1.7308,29275.38,30546.987
241,300621.SZ,20190304,10.43,10.55,10.3,10.4,10.3,0.1,0.9709,27955.54,29134.644
242,300621.SZ,20190301,10.35,10.39,10.16,10.3,10.33,-0.03,-0.2904,15233.5,15666.0
243,300621.SZ,20190228,10.33,10.39,10.2,10.33,10.26,0.07,0.6823,17579.5,18117.527
244,300621.SZ,20190227,10.23,10.5,10.13,10.26,10.3,-0.04,-0.3883,24646.5,25509.229
245,300621.SZ,20190226,10.4,10.5,10.25,10.3,10.36,-0.06,-0.5792,28548.01,29588.458
246,300621.SZ,20190225,10.04,10.41,10.03,10.36,9.99,0.37,3.7037,26064.5,26663.032
247,300621.SZ,20190222,9.85,10.0,9.8,9.99,9.83,0.16,1.6277,15298.5,15181.369
248,300621.SZ,20190221,9.93,10.1,9.75,9.83,9.91,-0.08,-0.8073,19719.0,19592.447
249,300621.SZ,20190220,9.95,9.95,9.81,9.91,9.92,-0.01,-0.1008,9509.22,9403.795
250,300621.SZ,20190219,9.96,10.05,9.81,9.92,9.96,-0.04,-0.4016,17362.0,17237.539
251,300621.SZ,20190218,9.69,9.97,9.67,9.96,9.69,0.27,2.7864,15631.5,15388.442
252,300621.SZ,20190215,9.64,9.69,9.6,9.69,9.66,0.03,0.3106,8315.0,8029.836
253,300621.SZ,20190214,9.63,9.7,9.57,9.66,9.68,-0.02,-0.2066,8150.5,7858.522
254,300621.SZ,20190213,9.48,9.7,9.43,9.68,9.53,0.15,1.574,12956.5,12459.865
255,300621.SZ,20190212,9.33,9.71,9.32,9.53,9.37,0.16,1.7076,8217.0,7792.951
256,300621.SZ,20190211,9.18,9.38,9.12,9.37,9.18,0.19,2.0697,7697.5,7142.893
257,300621.SZ,20190201,8.9,9.2,8.9,9.18,8.88,0.3,3.3784,8100.0,7374.899
258,300621.SZ,20190131,9.11,9.25,8.8,8.88,9.1,-0.22,-2.4176,8948.0,8082.01
259,300621.SZ,20190130,9.0,9.27,9.0,9.1,9.37,-0.27,-2.8815,9841.02,8972.026
260,300621.SZ,20190129,9.56,9.64,9.11,9.37,9.58,-0.21,-2.1921,9772.5,9134.561
261,300621.SZ,20190128,9.69,9.78,9.57,9.58,9.66,-0.08,-0.8282,7851.01,7594.9
262,300621.SZ,20190125,9.96,9.97,9.61,9.66,9.89,-0.23,-2.3256,12763.0,12574.343
263,300621.SZ,20190124,9.8,9.96,9.74,9.89,9.8,0.09,0.9184,7560.5,7461.034
264,300621.SZ,20190123,9.72,9.81,9.71,9.8,9.78,0.02,0.2045,5913.51,5761.798
265,300621.SZ,20190122,9.83,9.91,9.71,9.78,9.83,-0.05,-0.5086,9192.51,9029.421
266,300621.SZ,20190121,9.82,9.91,9.8,9.83,9.8,0.03,0.3061,6947.5,6840.803
267,300621.SZ,20190118,9.76,9.81,9.68,9.8,9.75,0.05,0.5128,10617.54,10349.884
268,300621.SZ,20190117,10.04,10.05,9.71,9.75,10.1,-0.35,-3.4653,15237.5,15064.251
269,300621.SZ,20190116,10.02,10.18,9.93,10.1,10.07,0.03,0.2979,18931.5,19071.906
270,300621.SZ,20190115,9.88,10.13,9.87,10.07,9.88,0.19,1.9231,14373.0,14361.23
271,300621.SZ,20190114,10.0,10.04,9.83,9.88,10.02,-0.14,-1.3972,10292.01,10191.11
272,300621.SZ,20190111,9.89,10.04,9.84,10.02,9.89,0.13,1.3145,13274.01,13209.795
273,300621.SZ,20190110,9.9,10.02,9.8,9.89,9.96,-0.07,-0.7028,11794.0,11712.824
274,300621.SZ,20190109,9.95,10.05,9.87,9.96,9.88,0.08,0.8097,16759.0,16698.541
275,300621.SZ,20190108,9.86,10.02,9.83,9.88,9.87,0.01,0.1013,15469.72,15355.971
276,300621.SZ,20190107,9.72,9.91,9.65,9.87,9.68,0.19,1.9628,21409.5,21021.259
277,300621.SZ,20190104,9.46,9.74,9.33,9.68,9.47,0.21,2.2175,14410.0,13830.517
278,300621.SZ,20190103,9.62,9.7,9.42,9.47,9.73,-0.26,-2.6721,18700.0,17873.463
279,300621.SZ,20190102,9.8,9.89,9.62,9.73,9.6,0.13,1.3542,16665.0,16216.05
280,300621.SZ,20181228,9.74,9.8,9.52,9.6,9.76,-0.16,-1.6393,23161.0,22331.394
281,300621.SZ,20181227,10.13,10.28,9.75,9.76,10.43,-0.67,-6.4238,63789.75,64161.845
282,300621.SZ,20181226,9.68,10.67,9.58,10.43,9.7,0.73,7.5258,84882.75,88808.53
283,300621.SZ,20181225,9.76,9.78,9.33,9.7,9.83,-0.13,-1.3225,15413.3,14684.76
284,300621.SZ,20181224,9.68,9.88,9.67,9.83,9.66,0.17,1.7598,11391.5,11179.058
285,300621.SZ,20181221,9.71,9.78,9.6,9.66,9.81,-0.15,-1.5291,8563.11,8284.215
286,300621.SZ,20181220,9.9,9.9,9.59,9.81,9.77,0.04,0.4094,13822.0,13442.284
287,300621.SZ,20181219,10.16,10.16,9.76,9.77,10.19,-0.42,-4.1217,16942.0,16870.775
288,300621.SZ,20181218,10.27,10.28,9.98,10.19,10.42,-0.23,-2.2073,28295.01,28640.888
289,300621.SZ,20181217,9.9,10.46,9.9,10.42,9.97,0.45,4.5135,38824.67,39754.927
290,300621.SZ,20181214,10.18,10.36,9.97,9.97,10.3,-0.33,-3.2039,20462.16,20816.591
291,300621.SZ,20181213,10.01,10.4,9.89,10.3,10.08,0.22,2.1825,32572.26,33089.647
292,300621.SZ,20181212,9.81,10.42,9.75,10.08,9.65,0.43,4.456,31954.6,32230.521
293,300621.SZ,20181211,9.62,9.71,9.56,9.65,9.59,0.06,0.6257,5287.66,5093.213
294,300621.SZ,20181210,9.8,9.8,9.55,9.59,9.88,-0.29,-2.9352,10030.16,9692.79
295,300621.SZ,20181207,9.73,9.95,9.65,9.88,9.76,0.12,1.2295,10971.01,10777.859
296,300621.SZ,20181206,9.82,9.9,9.6,9.76,9.92,-0.16,-1.6129,8779.0,8561.414
297,300621.SZ,20181205,9.8,9.96,9.73,9.92,9.97,-0.05,-0.5015,7585.0,7481.659
298,300621.SZ,20181204,9.9,10.0,9.85,9.97,9.85,0.12,1.2183,8256.51,8202.42
299,300621.SZ,20181203,9.85,9.97,9.71,9.85,9.6,0.25,2.6042,11011.32,10876.237
300,300621.SZ,20181130,9.52,9.62,9.34,9.6,9.52,0.08,0.8403,7915.0,7539.585
301,300621.SZ,20181129,9.91,9.96,9.44,9.52,9.87,-0.35,-3.5461,10862.0,10598.306
302,300621.SZ,20181128,9.66,9.91,9.57,9.87,9.75,0.12,1.2308,7385.01,7192.471
303,300621.SZ,20181127,9.81,9.82,9.64,9.75,9.65,0.1,1.0363,7461.0,7264.991
304,300621.SZ,20181126,9.78,9.96,9.64,9.65,9.85,-0.2,-2.0305,7994.5,7804.802
305,300621.SZ,20181123,10.32,10.32,9.7,9.85,10.32,-0.47,-4.5543,14040.15,13993.824
306,300621.SZ,20181122,10.38,10.4,10.18,10.32,10.31,0.01,0.097,9789.0,10059.232
307,300621.SZ,20181121,9.96,10.36,9.93,10.31,10.08,0.23,2.2817,11866.5,12077.21
308,300621.SZ,20181120,10.49,10.64,10.08,10.08,10.68,-0.6,-5.618,19644.79,20387.038
309,300621.SZ,20181119,10.37,10.76,10.33,10.68,10.48,0.2,1.9084,25219.63,26646.27
310,300621.SZ,20181116,10.73,10.73,10.36,10.48,10.55,-0.07,-0.6635,30772.52,32378.688
311,300621.SZ,20181115,10.0,10.66,10.0,10.55,10.09,0.46,4.559,29728.45,30376.46
312,300621.SZ,20181114,9.92,10.12,9.86,10.09,9.92,0.17,1.7137,22301.81,22327.803
313,300621.SZ,20181113,9.71,9.98,9.69,9.92,9.83,0.09,0.9156,20664.0,20468.586
314,300621.SZ,20181112,9.53,9.86,9.53,9.83,9.6,0.23,2.3958,11173.86,10912.509
315,300621.SZ,20181109,9.66,9.75,9.6,9.6,9.75,-0.15,-1.5385,7953.14,7684.828
316,300621.SZ,20181108,9.77,9.84,9.68,9.75,9.77,-0.02,-0.2047,10557.36,10307.699
317,300621.SZ,20181107,9.71,9.82,9.62,9.77,9.67,0.1,1.0341,10641.85,10371.065
318,300621.SZ,20181106,9.77,9.77,9.54,9.67,9.84,-0.17,-1.7276,12837.95,12407.739
319,300621.SZ,20181105,10.08,10.08,9.61,9.84,10.01,-0.17,-1.6983,31485.86,31018.378
320,300621.SZ,20181102,9.83,10.02,9.6,10.01,9.75,0.26,2.6667,14249.24,14083.91
321,300621.SZ,20181101,9.75,10.12,9.73,9.75,9.72,0.03,0.3086,11841.67,11660.471
322,300621.SZ,20181031,9.65,9.77,9.57,9.72,9.61,0.11,1.1446,8407.0,8156.132
323,300621.SZ,20181030,9.56,9.68,9.39,9.61,9.56,0.05,0.523,7945.5,7595.731
324,300621.SZ,20181029,9.45,9.78,9.38,9.56,9.55,0.01,0.1047,5926.47,5660.713
325,300621.SZ,20181026,9.47,9.6,9.38,9.55,9.43,0.12,1.2725,7503.2,7133.914
326,300621.SZ,20181025,9.25,9.47,9.14,9.43,9.53,-0.1,-1.0493,7916.82,7342.978
327,300621.SZ,20181024,9.7,9.77,9.51,9.53,9.71,-0.18,-1.8538,10642.0,10221.904
328,300621.SZ,20181023,10.0,10.0,9.62,9.71,10.08,-0.37,-3.6706,16682.5,16426.735
329,300621.SZ,20181022,9.77,10.2,9.66,10.08,9.75,0.33,3.3846,27081.67,26989.43
330,300621.SZ,20181019,9.55,9.97,9.0,9.75,10.0,-0.25,-2.5,36429.17,34447.221
331,300621.SZ,20181018,9.38,10.41,9.32,10.0,9.46,0.54,5.7082,61191.41,61429.921
332,300621.SZ,20181017,9.11,9.52,9.11,9.46,9.2,0.26,2.8261,11405.5,10715.107
333,300621.SZ,20181016,9.17,9.41,8.97,9.2,9.29,-0.09,-0.9688,10270.95,9416.86
334,300621.SZ,20181015,9.42,9.96,9.25,9.29,9.2,0.09,0.9783,18617.94,17788.253
335,300621.SZ,20181012,9.28,9.28,8.75,9.2,9.25,-0.05,-0.5405,8263.0,7473.507
336,300621.SZ,20181011,9.98,9.98,9.17,9.25,10.19,-0.94,-9.2247,11052.07,10427.885
337,300621.SZ,20181010,10.15,10.29,10.06,10.19,10.07,0.12,1.1917,3707.45,3778.504
338,300621.SZ,20181009,10.2,10.2,9.98,10.07,9.99,0.08,0.8008,3284.0,3298.152
339,300621.SZ,20181008,10.35,10.35,9.98,9.99,10.42,-0.43,-4.1267,4855.5,4906.529
340,300621.SZ,20180928,10.27,10.42,10.25,10.42,10.23,0.19,1.8573,4755.5,4920.343
341,300621.SZ,20180927,10.57,10.57,10.23,10.23,10.57,-0.34,-3.2167,8124.5,8435.933
342,300621.SZ,20180926,10.42,10.7,10.37,10.57,10.43,0.14,1.3423,15384.41,16264.637
343,300621.SZ,20180925,10.45,10.49,10.36,10.43,10.53,-0.1,-0.9497,3232.1,3371.331
344,300621.SZ,20180921,10.48,10.58,10.32,10.53,10.39,0.14,1.3474,9199.87,9658.378
345,300621.SZ,20180920,10.4,10.43,10.28,10.39,10.45,-0.06,-0.5742,7882.74,8161.26
346,300621.SZ,20180919,10.26,10.5,10.26,10.45,10.3,0.15,1.4563,11698.41,12193.039
347,300621.SZ,20180918,10.11,10.34,10.04,10.3,10.11,0.19,1.8793,5180.87,5296.421
348,300621.SZ,20180917,10.22,10.34,10.08,10.11,10.32,-0.21,-2.0349,3227.1,3281.328
349,300621.SZ,20180914,10.4,10.48,10.3,10.32,10.4,-0.08,-0.7692,3800.97,3937.188
350,300621.SZ,20180913,10.4,10.47,10.25,10.4,10.34,0.06,0.5803,4416.78,4578.164
351,300621.SZ,20180912,10.35,10.45,10.3,10.34,10.4,-0.06,-0.5769,3133.1,3249.32
352,300621.SZ,20180911,10.26,10.46,10.22,10.4,10.27,0.13,1.2658,4573.59,4725.06
353,300621.SZ,20180910,10.51,10.65,10.24,10.27,10.66,-0.39,-3.6585,5531.0,5776.75
354,300621.SZ,20180907,10.57,10.7,10.45,10.66,10.53,0.13,1.2346,8899.87,9458.843
355,300621.SZ,20180906,10.51,10.69,10.46,10.53,10.54,-0.01,-0.0949,6393.0,6759.544
356,300621.SZ,20180905,10.64,10.71,10.52,10.54,10.65,-0.11,-1.0329,6603.5,7008.351
357,300621.SZ,20180904,10.58,10.74,10.52,10.65,10.58,0.07,0.6616,7235.5,7713.848
358,300621.SZ,20180903,10.61,10.7,10.39,10.58,10.74,-0.16,-1.4898,10604.09,11165.802
359,300621.SZ,20180831,10.88,10.98,10.65,10.74,10.95,-0.21,-1.9178,9829.31,10649.824
360,300621.SZ,20180830,11.39,11.39,10.95,10.95,11.48,-0.53,-4.6167,14877.61,16534.252
361,300621.SZ,20180829,11.32,11.57,11.22,11.48,11.32,0.16,1.4134,13119.99,14939.426
362,300621.SZ,20180828,11.26,11.37,11.2,11.32,11.3,0.02,0.177,7797.34,8800.386
363,300621.SZ,20180827,11.02,11.39,11.01,11.3,11.08,0.22,1.9856,11549.74,12987.701
364,300621.SZ,20180824,11.08,11.1,10.92,11.08,11.07,0.01,0.0903,6405.5,7063.48
365,300621.SZ,20180823,10.94,11.15,10.85,11.07,10.94,0.13,1.1883,10142.53,11207.896
366,300621.SZ,20180822,11.21,11.21,10.92,10.94,11.33,-0.39,-3.4422,10844.21,11973.92
367,300621.SZ,20180821,11.02,11.66,10.82,11.33,10.99,0.34,3.0937,14837.93,16519.278
368,300621.SZ,20180820,10.98,11.09,10.83,10.99,10.9,0.09,0.8257,9604.08,10530.898
369,300621.SZ,20180817,11.49,11.49,10.87,10.9,11.32,-0.42,-3.7102,10109.92,11254.022
370,300621.SZ,20180816,11.47,11.49,11.31,11.32,11.5,-0.18,-1.5652,8673.4,9879.779
371,300621.SZ,20180815,11.79,11.8,11.49,11.5,11.8,-0.3,-2.5424,7318.41,8505.515
372,300621.SZ,20180814,11.72,11.86,11.62,11.8,11.78,0.02,0.1698,8476.5,9967.136
373,300621.SZ,20180813,11.71,11.79,11.5,11.78,11.88,-0.1,-0.8418,9575.94,11154.127
374,300621.SZ,20180810,11.73,11.88,11.69,11.88,11.8,0.08,0.678,8970.5,10585.261
375,300621.SZ,20180809,11.5,11.87,11.4,11.8,11.52,0.28,2.4306,10347.5,12162.972
376,300621.SZ,20180808,11.64,11.79,11.47,11.52,11.82,-0.3,-2.5381,9742.0,11358.37
377,300621.SZ,20180807,11.56,12.2,11.37,11.82,11.38,0.44,3.8664,11898.52,13957.532
378,300621.SZ,20180806,11.56,11.76,11.27,11.38,11.56,-0.18,-1.5571,8460.02,9735.448
379,300621.SZ,20180803,11.78,11.98,11.51,11.56,11.91,-0.35,-2.9387,8301.6,9763.35
380,300621.SZ,20180802,12.03,12.31,11.52,11.91,12.28,-0.37,-3.013,18740.34,22229.589
381,300621.SZ,20180801,12.38,12.88,12.28,12.28,12.34,-0.06,-0.4862,14682.5,18364.52
382,300621.SZ,20180731,12.2,12.4,12.17,12.34,12.29,0.05,0.4068,6778.5,8348.722
383,300621.SZ,20180730,12.5,12.68,12.1,12.29,12.59,-0.3,-2.3828,10072.28,12490.573
384,300621.SZ,20180727,12.61,12.7,12.48,12.59,12.7,-0.11,-0.8661,11606.65,14567.084
385,300621.SZ,20180726,12.67,12.97,12.63,12.7,12.71,-0.01,-0.0787,15335.62,19531.776
386,300621.SZ,20180725,12.93,13.12,12.65,12.71,12.79,-0.08,-0.6255,22641.21,29133.332
387,300621.SZ,20180724,12.51,12.93,12.48,12.79,12.53,0.26,2.075,28893.0,36912.114
388,300621.SZ,20180723,12.56,12.6,12.39,12.53,12.48,0.05,0.4006,10647.17,13312.628
389,300621.SZ,20180720,12.22,12.57,12.2,12.48,12.29,0.19,1.546,14026.34,17404.59
390,300621.SZ,20180719,12.46,12.56,12.07,12.29,12.42,-0.13,-1.05,11803.68,14447.905
391,300621.SZ,20180718,12.65,12.67,12.41,12.42,12.58,-0.16,-1.27,12174.87,15263.898
392,300621.SZ,20180717,12.56,12.62,12.42,12.58,12.62,-0.04,-0.32,10157.17,12697.8
393,300621.SZ,20180716,12.65,12.7,12.52,12.62,12.6,0.02,0.16,12265.32,15445.896
394,300621.SZ,20180713,12.9,12.92,12.53,12.6,13.16,-0.56,-4.26,38875.47,49296.118
395,300621.SZ,20180712,12.0,13.2,11.98,13.16,12.0,1.16,9.67,45502.51,57998.5
396,300621.SZ,20180711,12.16,12.27,11.8,12.0,12.45,-0.45,-3.61,14791.85,17723.996
397,300621.SZ,20180710,12.09,12.49,12.03,12.45,12.06,0.39,3.23,16047.6,19628.661
398,300621.SZ,20180709,11.9,12.1,11.76,12.06,11.79,0.27,2.29,11616.86,13949.643
399,300621.SZ,20180706,11.95,12.09,11.42,11.79,11.8,-0.01,-0.08,16141.06,19016.873
400,300621.SZ,20180705,12.29,12.45,11.7,11.8,12.26,-0.46,-3.75,11893.26,14357.789
401,300621.SZ,20180704,12.61,12.67,12.12,12.26,12.72,-0.46,-3.62,14852.1,18400.907
402,300621.SZ,20180703,12.41,12.75,12.21,12.72,12.36,0.36,2.91,18970.49,23732.721
403,300621.SZ,20180702,12.67,12.8,12.24,12.36,12.7,-0.34,-2.68,14768.49,18554.025
404,300621.SZ,20180629,12.36,12.84,12.21,12.7,12.35,0.35,2.83,18834.82,23718.902
405,300621.SZ,20180628,12.44,12.75,12.32,12.35,12.52,-0.17,-1.36,13364.96,16756.518
406,300621.SZ,20180627,12.97,12.97,12.4,12.52,12.75,-0.23,-1.8,18671.91,23676.43
407,300621.SZ,20180626,12.15,12.93,11.86,12.75,12.36,0.39,3.16,22237.7,27808.203
408,300621.SZ,20180625,12.95,13.13,12.35,12.36,12.96,-0.6,-4.63,23671.48,30285.388
409,300621.SZ,20180622,12.32,13.68,12.1,12.96,12.98,-0.02,-0.15,24863.21,32138.023
410,300621.SZ,20180621,12.93,13.8,12.62,12.98,12.85,0.13,1.01,30947.98,41111.831
411,300621.SZ,20180620,12.38,12.95,12.32,12.85,12.54,0.31,2.47,14299.76,18191.168
412,300621.SZ,20180619,19.97,20.33,18.52,18.91,20.58,-1.67,-8.11,19191.92,37179.614
413,300621.SZ,20180615,21.71,21.76,20.38,20.58,21.53,-0.95,-4.41,22156.38,46170.066
414,300621.SZ,20180614,21.28,21.94,21.25,21.53,21.7,-0.17,-0.78,16387.27,35408.409
415,300621.SZ,20180613,22.13,22.45,21.61,21.7,22.13,-0.43,-1.94,31633.04,69998.785
416,300621.SZ,20180612,21.79,22.13,21.18,22.13,21.86,0.27,1.24,23972.04,52072.258
417,300621.SZ,20180611,21.93,22.48,21.78,21.86,22.1,-0.24,-1.09,26636.34,58717.928
418,300621.SZ,20180608,21.31,22.16,21.18,22.1,21.35,0.75,3.51,28146.29,61044.313
419,300621.SZ,20180607,21.6,21.6,21.11,21.35,21.63,-0.28,-1.29,17477.68,37406.601
420,300621.SZ,20180606,21.3,21.64,21.16,21.63,21.34,0.29,1.36,20289.68,43483.226
421,300621.SZ,20180605,20.74,21.34,20.65,21.34,20.52,0.82,4.0,16658.36,35119.321
422,300621.SZ,20180604,20.63,20.89,20.48,20.52,20.48,0.04,0.2,9550.0,19801.927
423,300621.SZ,20180601,20.45,20.8,20.13,20.48,20.5,-0.02,-0.1,13092.68,26824.656
424,300621.SZ,20180531,20.18,20.69,20.08,20.5,19.91,0.59,2.96,14060.68,28597.132
425,300621.SZ,20180530,21.06,21.06,19.85,19.91,21.37,-1.46,-6.83,21822.67,44465.385
426,300621.SZ,20180529,21.03,21.7,21.03,21.37,21.18,0.19,0.9,18048.28,38808.196
427,300621.SZ,20180528,21.86,21.92,21.15,21.18,21.83,-0.65,-2.98,19102.0,41041.204
428,300621.SZ,20180525,21.72,21.99,21.6,21.83,21.59,0.24,1.11,19238.0,41963.962
429,300621.SZ,20180524,21.75,22.05,21.5,21.59,21.73,-0.14,-0.64,18795.36,40870.259
430,300621.SZ,20180523,21.84,22.26,21.71,21.73,21.9,-0.17,-0.78,24125.58,53075.991
431,300621.SZ,20180522,21.81,21.9,21.5,21.9,21.78,0.12,0.55,23826.92,51727.677
432,300621.SZ,20180521,21.52,21.85,21.46,21.78,21.45,0.33,1.54,21145.0,45856.868
433,300621.SZ,20180518,21.21,21.59,21.21,21.45,21.25,0.2,0.94,17470.34,37342.869
434,300621.SZ,20180517,21.28,21.39,21.18,21.25,21.33,-0.08,-0.38,16252.36,34567.339
435,300621.SZ,20180516,21.33,21.68,21.15,21.33,21.29,0.04,0.19,29154.74,62414.317
436,300621.SZ,20180515,20.91,21.44,20.8,21.29,21.0,0.29,1.38,23260.74,49262.887
437,300621.SZ,20180514,20.82,21.2,20.73,21.0,20.87,0.13,0.62,20391.58,42832.776
438,300621.SZ,20180511,21.26,21.36,20.77,20.87,21.26,-0.39,-1.83,18758.67,39382.641
439,300621.SZ,20180510,21.03,21.44,20.95,21.26,21.0,0.26,1.24,23960.67,50572.49
440,300621.SZ,20180509,21.06,21.12,20.78,21.0,21.04,-0.04,-0.19,16660.15,34892.003
441,300621.SZ,20180508,20.75,21.1,20.68,21.04,20.9,0.14,0.67,19879.7,41556.987
442,300621.SZ,20180507,20.3,20.95,20.27,20.9,20.45,0.45,2.2,18260.97,37851.823
443,300621.SZ,20180504,20.02,20.47,19.99,20.45,20.15,0.3,1.49,17465.34,35428.757
444,300621.SZ,20180503,19.72,20.18,19.58,20.15,19.69,0.46,2.34,16071.15,32030.745
445,300621.SZ,20180502,20.08,20.25,19.51,19.69,20.03,-0.34,-1.7,13935.92,27622.177
446,300621.SZ,20180427,19.84,20.21,19.83,20.03,19.92,0.11,0.55,12548.36,25181.204
447,300621.SZ,20180426,20.6,20.9,19.92,19.92,20.66,-0.74,-3.58,22838.67,46712.177
448,300621.SZ,20180425,21.12,21.39,20.28,20.66,21.4,-0.74,-3.46,41392.22,86042.763
449,300621.SZ,20180424,21.3,21.84,20.88,21.4,20.89,0.51,2.44,40015.24,85312.586
450,300621.SZ,20180423,21.3,21.38,20.35,20.89,21.38,-0.49,-2.29,28714.73,60063.177
451,300621.SZ,20180420,21.01,21.6,20.83,21.38,21.1,0.28,1.33,39198.0,83326.643
452,300621.SZ,20180419,20.42,21.49,20.36,21.1,20.64,0.46,2.23,34124.67,71424.096
453,300621.SZ,20180418,20.4,20.87,19.88,20.64,20.2,0.44,2.18,31132.54,63754.142
454,300621.SZ,20180417,20.97,21.35,20.0,20.2,20.79,-0.59,-2.84,34913.35,72772.755
455,300621.SZ,20180416,20.8,21.43,20.55,20.79,21.09,-0.3,-1.42,35658.9,74716.901
456,300621.SZ,20180413,22.05,22.24,20.96,21.09,22.01,-0.92,-4.18,64742.44,139558.291
457,300621.SZ,20180412,23.0,23.3,22.0,22.01,23.18,-1.17,-5.05,94994.35,213665.158
458,300621.SZ,20180411,22.0,23.18,21.6,23.18,21.07,2.11,10.01,104885.22,239647.654
459,300621.SZ,20180410,20.82,21.07,20.32,21.07,19.15,1.92,10.03,21751.03,45583.294
460,300621.SZ,20180409,18.8,19.23,18.3,19.15,19.07,0.08,0.42,10679.58,20183.837
461,300621.SZ,20180404,18.9,19.3,18.9,19.07,18.91,0.16,0.85,10377.0,19870.502
462,300621.SZ,20180403,18.75,18.95,18.68,18.91,19.08,-0.17,-0.89,9542.67,17929.514
463,300621.SZ,20180402,19.29,19.4,18.97,19.08,19.13,-0.05,-0.26,18701.67,35734.282
464,300621.SZ,20180330,18.9,19.43,18.88,19.13,18.9,0.23,1.22,12395.0,23777.515
465,300621.SZ,20180329,18.69,19.09,18.39,18.9,18.65,0.25,1.34,15750.0,29542.973
466,300621.SZ,20180328,18.2,19.19,18.01,18.65,18.29,0.36,1.97,15231.67,28536.585
467,300621.SZ,20180327,17.97,18.5,17.9,18.29,17.79,0.5,2.81,9043.67,16506.763
468,300621.SZ,20180326,17.25,17.87,16.82,17.79,17.32,0.47,2.71,8711.67,15153.126
469,300621.SZ,20180323,18.51,18.72,17.26,17.32,19.12,-1.8,-9.41,16421.84,29592.284
470,300621.SZ,20180322,18.53,19.5,18.53,19.12,19.22,-0.1,-0.52,8886.0,17060.767
471,300621.SZ,20180321,19.48,19.75,19.2,19.22,19.51,-0.29,-1.49,14305.0,27899.724
472,300621.SZ,20180320,19.02,19.64,18.68,19.51,19.14,0.37,1.93,16566.86,31846.8
473,300621.SZ,20180319,18.8,19.2,18.72,19.14,18.87,0.27,1.43,7978.0,15227.494
474,300621.SZ,20180316,18.85,19.12,18.83,18.87,18.93,-0.06,-0.32,8583.0,16272.857
475,300621.SZ,20180315,19.36,19.75,18.64,18.93,19.3,-0.37,-1.92,14717.0,28218.058
476,300621.SZ,20180314,19.2,19.6,19.19,19.3,19.53,-0.23,-1.18,10067.67,19519.368
477,300621.SZ,20180313,20.1,20.1,19.51,19.53,20.17,-0.64,-3.17,16998.97,33642.041
478,300621.SZ,20180312,20.0,20.19,19.83,20.17,20.13,0.04,0.2,23761.0,47587.339
479,300621.SZ,20180309,20.1,20.38,19.6,20.13,20.29,-0.16,-0.79,33509.1,67026.226
480,300621.SZ,20180308,19.07,20.98,18.88,20.29,19.07,1.22,6.4,45125.0,90074.854
481,300621.SZ,20180307,18.95,19.19,18.8,19.07,19.1,-0.03,-0.16,14616.32,27732.974
482,300621.SZ,20180306,19.0,19.33,18.77,19.1,18.81,0.29,1.54,17035.67,32479.938
483,300621.SZ,20180305,18.51,18.93,18.51,18.81,18.67,0.14,0.75,10637.3,19941.514
484,300621.SZ,20180302,18.59,18.95,18.55,18.67,18.87,-0.2,-1.06,10971.3,20582.936
485,300621.SZ,20180301,18.56,19.07,18.45,18.87,18.7,0.17,0.91,18477.01,34854.541
486,300621.SZ,20180228,18.71,19.28,18.61,18.7,19.25,-0.55,-2.86,22207.67,41835.56
487,300621.SZ,20180227,19.43,19.55,18.9,19.25,19.99,-0.74,-3.7,36340.09,69745.071
488,300621.SZ,20180226,20.17,20.17,19.25,19.99,18.34,1.65,9.0,53412.42,106571.978
489,300621.SZ,20180223,19.2,19.2,18.3,18.34,17.45,0.89,5.1,38983.4,73807.58
490,300621.SZ,20180222,17.26,17.53,17.12,17.45,17.1,0.35,2.05,6118.19,10632.429
491,300621.SZ,20180214,17.31,17.31,16.84,17.1,17.3,-0.2,-1.16,5282.16,9003.08
492,300621.SZ,20180213,17.2,17.85,17.2,17.3,17.25,0.05,0.29,8643.15,15127.254
493,300621.SZ,20180212,16.8,17.28,16.78,17.25,16.62,0.63,3.79,6043.0,10348.153
494,300621.SZ,20180209,16.61,16.87,16.46,16.62,17.06,-0.44,-2.58,7168.84,11934.139
495,300621.SZ,20180208,16.83,17.15,16.52,17.06,16.73,0.33,1.97,6741.57,11456.301
496,300621.SZ,20180207,17.06,17.27,16.34,16.73,16.51,0.22,1.33,8991.74,15113.438
497,300621.SZ,20180206,17.55,17.7,16.4,16.51,17.81,-1.3,-7.3,11989.0,20532.807
498,300621.SZ,20180205,17.74,18.06,17.51,17.81,17.97,-0.16,-0.89,7372.0,13198.327
499,300621.SZ,20180202,18.21,18.44,17.74,17.97,18.3,-0.33,-1.8,10758.51,19485.518
500,300621.SZ,20180201,19.15,19.32,18.29,18.3,19.11,-0.81,-4.24,14254.77,26695.172
501,300621.SZ,20180131,20.2,20.4,19.08,19.11,20.16,-1.05,-5.21,21436.0,41764.169
502,300621.SZ,20180130,19.93,20.45,19.93,20.16,20.1,0.06,0.3,12845.3,25893.621
503,300621.SZ,20180129,20.14,20.4,19.88,20.1,20.2,-0.1,-0.5,15420.67,31023.779
504,300621.SZ,20180126,20.96,21.14,20.0,20.2,21.11,-0.91,-4.31,33865.49,69824.157
505,300621.SZ,20180125,21.68,22.13,21.11,21.11,21.68,-0.57,-2.63,31440.46,68345.404
506,300621.SZ,20180124,21.42,21.89,21.1,21.68,21.48,0.2,0.93,34427.63,74240.877
507,300621.SZ,20180123,21.36,21.66,21.02,21.48,21.63,-0.15,-0.69,32219.0,68836.805
508,300621.SZ,20180122,21.39,21.9,20.91,21.63,21.55,0.08,0.37,31717.7,67922.764
509,300621.SZ,20180119,20.97,21.83,20.64,21.55,20.96,0.59,2.81,49837.71,106818.369
510,300621.SZ,20180118,21.21,21.35,20.63,20.96,21.44,-0.48,-2.24,30647.52,64338.697
511,300621.SZ,20180117,20.79,21.88,20.49,21.44,21.23,0.21,0.99,46923.49,99349.911
512,300621.SZ,20180116,20.55,21.99,20.45,21.23,20.53,0.7,3.41,47669.01,100763.86
513,300621.SZ,20180115,21.2,21.25,20.3,20.53,21.48,-0.95,-4.42,40368.83,83609.386
514,300621.SZ,20180112,22.11,22.93,21.46,21.48,22.36,-0.88,-3.94,56630.83,125048.895
515,300621.SZ,20180111,22.46,23.15,22.01,22.36,23.78,-1.42,-5.97,76572.01,172214.684
516,300621.SZ,20180110,24.49,25.15,22.67,23.78,23.78,0.0,0.0,116350.24,280954.129
517,300621.SZ,20180109,23.78,23.78,23.78,23.78,21.62,2.16,9.99,18809.47,44728.919
518,300621.SZ,20180108,21.62,21.62,21.62,21.62,19.65,1.97,10.03,7760.44,16778.071
519,300621.SZ,20180105,19.59,19.8,19.39,19.65,19.58,0.07,0.36,11167.82,21947.792
520,300621.SZ,20180104,19.57,19.81,19.45,19.58,19.61,-0.03,-0.15,10180.58,20040.086
521,300621.SZ,20180103,19.59,19.75,19.32,19.61,19.56,0.05,0.26,8231.0,16081.858
522,300621.SZ,20180102,19.58,19.66,19.44,19.56,19.62,-0.06,-0.31,6981.0,13652.343
523,300621.SZ,20171229,19.1,19.7,19.1,19.62,19.2,0.42,2.19,10112.13,19591.876
524,300621.SZ,20171228,18.88,19.35,18.85,19.2,18.92,0.28,1.48,10860.29,20815.431
525,300621.SZ,20171227,19.12,19.19,18.9,18.92,19.1,-0.18,-0.94,9069.34,17243.773
526,300621.SZ,20171226,18.56,19.11,18.5,19.1,18.43,0.67,3.64,11105.75,21026.921
527,300621.SZ,20171225,18.8,18.83,18.2,18.43,18.8,-0.37,-1.97,4764.83,8767.547
528,300621.SZ,20171222,19.02,19.1,18.75,18.8,18.97,-0.17,-0.9,2696.58,5091.736
529,300621.SZ,20171221,19.13,19.13,18.48,18.97,18.98,-0.01,-0.05,3379.0,6394.613
530,300621.SZ,20171220,19.07,19.3,18.88,18.98,19.03,-0.05,-0.26,6150.35,11764.537
531,300621.SZ,20171219,18.8,19.15,18.8,19.03,18.82,0.21,1.12,4319.68,8231.737
532,300621.SZ,20171218,19.0,19.11,18.8,18.82,19.05,-0.23,-1.21,3147.0,5955.936
533,300621.SZ,20171215,19.1,19.25,18.87,19.05,19.16,-0.11,-0.57,3284.68,6266.525
534,300621.SZ,20171214,19.06,19.21,18.87,19.16,19.15,0.01,0.05,5172.0,9851.385
535,300621.SZ,20171213,18.89,19.16,18.81,19.15,18.85,0.3,1.59,3654.57,6957.167
536,300621.SZ,20171212,19.33,19.33,18.85,18.85,19.31,-0.46,-2.38,5186.1,9910.25
537,300621.SZ,20171211,19.18,19.36,19.06,19.31,19.12,0.19,0.99,7470.0,14399.101
538,300621.SZ,20171208,19.09,19.27,18.84,19.12,18.83,0.29,1.54,8312.0,15934.245
539,300621.SZ,20171207,18.77,19.05,18.62,18.83,18.77,0.06,0.32,7781.14,14667.316
540,300621.SZ,20171206,18.43,18.79,18.1,18.77,18.43,0.34,1.84,6406.0,11846.405
541,300621.SZ,20171205,19.15,19.43,18.28,18.43,19.31,-0.88,-4.56,9862.34,18546.594
542,300621.SZ,20171204,20.28,20.29,19.2,19.31,20.36,-1.05,-5.16,7713.34,15198.515
543,300621.SZ,20171201,19.8,20.52,19.8,20.36,19.98,0.38,1.9,7340.34,14939.354
544,300621.SZ,20171130,20.08,20.31,19.8,19.98,19.95,0.03,0.15,6047.0,12172.928
545,300621.SZ,20171129,19.71,20.0,19.41,19.95,19.8,0.15,0.76,9288.67,18416.925
546,300621.SZ,20171128,19.21,19.91,19.21,19.8,19.21,0.59,3.07,8249.67,16260.415
547,300621.SZ,20171127,19.78,19.98,19.13,19.21,19.92,-0.71,-3.56,7791.44,15237.877
548,300621.SZ,20171124,19.93,20.15,19.8,19.92,19.92,0.0,0.0,4875.34,9735.074
549,300621.SZ,20171123,20.52,20.64,19.89,19.92,20.52,-0.6,-2.92,9594.52,19457.33
550,300621.SZ,20171122,20.66,20.99,20.3,20.52,20.64,-0.12,-0.58,8987.0,18565.316
551,300621.SZ,20171121,20.5,20.83,19.6,20.64,20.66,-0.02,-0.1,13725.0,28091.136
552,300621.SZ,20171120,20.1,20.72,19.58,20.66,20.3,0.36,1.77,11780.85,23921.826
553,300621.SZ,20171117,22.48,22.57,20.28,20.3,22.53,-2.23,-9.9,33999.67,72253.966
554,300621.SZ,20171116,22.68,23.09,22.52,22.53,22.9,-0.37,-1.62,17569.67,39992.808
555,300621.SZ,20171115,23.0,23.17,22.66,22.9,23.09,-0.19,-0.82,17264.82,39487.968
556,300621.SZ,20171114,23.55,23.6,22.81,23.09,23.68,-0.59,-2.49,23071.91,53722.095
557,300621.SZ,20171113,23.38,24.24,23.26,23.68,23.35,0.33,1.41,32323.25,76439.597
558,300621.SZ,20171110,23.05,23.5,23.05,23.35,23.13,0.22,0.95,24530.92,57249.296
559,300621.SZ,20171109,23.3,23.32,22.91,23.13,23.35,-0.22,-0.94,18399.6,42515.201
560,300621.SZ,20171108,23.06,23.5,23.06,23.35,23.21,0.14,0.6,28079.6,65397.312
561,300621.SZ,20171107,23.16,23.25,22.78,23.21,23.28,-0.07,-0.3,19909.73,45773.292
562,300621.SZ,20171106,22.68,23.4,22.5,23.28,22.4,0.88,3.93,27686.33,63839.521
563,300621.SZ,20171103,22.2,22.6,22.2,22.4,22.26,0.14,0.63,16825.13,37638.519
564,300621.SZ,20171102,22.46,22.69,22.2,22.26,22.61,-0.35,-1.55,19360.14,43328.887
565,300621.SZ,20171101,22.24,22.8,22.23,22.61,22.33,0.28,1.25,22479.87,50767.427
566,300621.SZ,20171031,22.0,22.41,21.93,22.33,22.05,0.28,1.27,19466.3,43121.113
567,300621.SZ,20171030,23.57,23.89,21.98,22.05,23.48,-1.43,-6.09,31712.92,71840.483
568,300621.SZ,20171027,23.44,24.05,23.38,23.48,23.39,0.09,0.38,33347.98,78921.466
569,300621.SZ,20171026,23.43,23.49,23.05,23.39,23.46,-0.07,-0.3,29002.5,67496.865
570,300621.SZ,20171025,22.75,23.5,22.65,23.46,22.88,0.58,2.54,39136.59,90638.245
571,300621.SZ,20171024,23.29,23.29,22.35,22.88,23.36,-0.48,-2.05,37590.17,85580.232
572,300621.SZ,20171023,23.15,23.71,23.15,23.36,23.4,-0.04,-0.17,35633.3,83427.818
573,300621.SZ,20171020,23.79,24.06,23.07,23.4,24.38,-0.98,-4.02,56901.12,133883.839
574,300621.SZ,20171019,23.3,24.58,22.75,24.38,23.83,0.55,2.31,91442.81,217501.671
575,300621.SZ,20171018,24.75,25.47,23.56,23.83,24.21,-0.38,-1.57,107219.24,264205.685
576,300621.SZ,20171017,21.8,24.21,21.61,24.21,22.01,2.2,10.0,45145.66,105194.466
577,300621.SZ,20171016,23.1,23.48,22.0,22.01,22.9,-0.89,-3.89,40817.52,92852.208
578,300621.SZ,20171013,22.14,23.75,22.07,22.9,22.14,0.76,3.43,52464.53,120230.027
579,300621.SZ,20171012,22.04,22.36,21.71,22.14,22.02,0.12,0.55,23797.67,52583.447
580,300621.SZ,20171011,22.36,22.67,21.92,22.02,22.34,-0.32,-1.43,27262.68,60455.466
581,300621.SZ,20171010,21.5,22.4,21.5,22.34,21.59,0.75,3.47,32037.44,70609.663
582,300621.SZ,20171009,21.91,21.97,21.35,21.59,21.52,0.07,0.33,24198.24,52295.737
583,300621.SZ,20170929,20.89,21.52,20.8,21.52,20.78,0.74,3.56,23852.08,50789.73
584,300621.SZ,20170928,20.98,21.2,20.72,20.78,21.03,-0.25,-1.19,17333.19,36335.753
585,300621.SZ,20170927,20.81,21.18,20.8,21.03,20.86,0.17,0.82,14858.82,31144.293
586,300621.SZ,20170926,21.5,21.75,20.51,20.86,21.6,-0.74,-3.43,28261.68,59529.552
587,300621.SZ,20170925,21.28,22.2,21.28,21.6,21.53,0.07,0.33,30990.88,67559.372
588,300621.SZ,20170922,21.01,21.58,20.78,21.53,21.1,0.43,2.04,24442.8,52029.226
589,300621.SZ,20170921,21.24,21.66,21.05,21.1,21.33,-0.23,-1.08,22918.31,49086.774
590,300621.SZ,20170920,20.9,21.34,20.8,21.33,20.94,0.39,1.86,19162.1,40485.409
591,300621.SZ,20170919,20.86,21.14,20.8,20.94,20.79,0.15,0.72,14872.18,31202.824
592,300621.SZ,20170918,20.6,20.85,20.5,20.79,20.74,0.05,0.24,9927.0,20510.418
593,300621.SZ,20170915,21.05,21.05,20.7,20.74,21.02,-0.28,-1.33,12498.26,26015.299
594,300621.SZ,20170914,21.25,21.28,20.85,21.02,21.17,-0.15,-0.71,14208.67,29950.154
595,300621.SZ,20170913,20.71,21.18,20.71,21.17,20.9,0.27,1.29,13118.57,27486.084
596,300621.SZ,20170912,22.0,22.0,20.8,20.9,21.22,-0.32,-1.51,28435.04,60546.652
597,300621.SZ,20170911,20.5,21.36,20.5,21.22,20.56,0.66,3.21,25269.88,53272.526
598,300621.SZ,20170908,20.66,20.8,20.4,20.56,20.68,-0.12,-0.58,16722.39,34451.778
599,300621.SZ,20170907,20.64,21.08,20.53,20.68,20.69,-0.01,-0.05,23963.11,49952.893
600,300621.SZ,20170906,20.75,20.75,20.37,20.69,20.86,-0.17,-0.82,24893.75,51137.537
601,300621.SZ,20170905,20.9,21.18,20.77,20.86,20.86,0.0,0.0,16124.74,33774.017
602,300621.SZ,20170904,21.35,21.37,20.76,20.86,21.42,-0.56,-2.61,27422.12,57836.68
603,300621.SZ,20170901,21.41,21.61,21.07,21.42,21.52,-0.1,-0.46,31315.71,66674.192
604,300621.SZ,20170831,20.76,21.78,20.72,21.52,20.71,0.81,3.91,41170.84,87692.742
605,300621.SZ,20170830,20.8,20.98,20.6,20.71,20.98,-0.27,-1.29,26653.12,55293.969
606,300621.SZ,20170829,20.6,21.57,20.43,20.98,20.62,0.36,1.75,50231.99,105580.151
607,300621.SZ,20170828,20.0,21.03,20.0,20.62,19.86,0.76,3.83,44043.77,90279.443
608,300621.SZ,20170825,19.25,19.97,19.24,19.86,19.31,0.55,2.85,25647.63,50752.577
609,300621.SZ,20170824,19.3,19.55,19.13,19.31,19.3,0.01,0.05,15939.26,30903.959
610,300621.SZ,20170823,19.2,19.43,18.96,19.3,19.21,0.09,0.47,12907.12,24799.79
611,300621.SZ,20170822,19.46,19.64,19.14,19.21,19.46,-0.25,-1.28,15495.13,29919.25
612,300621.SZ,20170821,19.15,19.48,19.03,19.46,19.01,0.45,2.37,14502.54,27975.297
613,300621.SZ,20170818,19.16,19.16,18.98,19.01,19.18,-0.17,-0.89,10144.0,19333.279
614,300621.SZ,20170817,19.15,19.28,18.98,19.18,19.24,-0.06,-0.31,12437.68,23761.391
615,300621.SZ,20170816,18.79,19.28,18.72,19.24,18.87,0.37,1.96,16569.77,31669.861
616,300621.SZ,20170815,18.75,18.99,18.65,18.87,18.61,0.26,1.4,12941.24,24411.835
617,300621.SZ,20170814,18.2,18.66,18.18,18.61,18.22,0.39,2.14,6266.58,11607.639
618,300621.SZ,20170811,18.3,18.43,18.16,18.22,18.42,-0.2,-1.09,7218.98,13203.944
619,300621.SZ,20170810,18.7,18.84,18.36,18.42,18.75,-0.33,-1.76,8944.83,16620.334
620,300621.SZ,20170809,18.86,18.88,18.63,18.75,18.86,-0.11,-0.58,6907.67,12960.918
621,300621.SZ,20170808,19.06,19.07,18.68,18.86,18.73,0.13,0.69,12389.51,23360.783
622,300621.SZ,20170807,18.52,18.86,18.52,18.73,18.53,0.2,1.08,7880.39,14740.383
623,300621.SZ,20170804,18.79,18.85,18.51,18.53,18.79,-0.26,-1.38,9936.06,18471.191
624,300621.SZ,20170803,18.44,18.99,18.3,18.79,18.44,0.35,1.9,10746.25,20147.544
625,300621.SZ,20170802,18.82,18.87,18.4,18.44,18.81,-0.37,-1.97,9178.28,17136.863
626,300621.SZ,20170801,18.81,18.85,18.54,18.81,18.7,0.11,0.59,9129.01,17068.108
627,300621.SZ,20170731,18.75,18.9,18.6,18.7,18.6,0.1,0.54,8036.58,15072.695
628,300621.SZ,20170728,18.94,19.1,18.57,18.6,18.95,-0.35,-1.85,13630.57,25603.106
629,300621.SZ,20170727,18.2,19.05,18.0,18.95,18.26,0.69,3.78,20824.58,38915.219
630,300621.SZ,20170726,18.49,18.54,18.07,18.26,18.49,-0.23,-1.24,8700.0,15925.386
631,300621.SZ,20170725,18.49,18.58,18.3,18.49,18.5,-0.01,-0.05,8947.48,16490.517
632,300621.SZ,20170724,18.2,18.59,18.01,18.5,18.5,0.0,0.0,17209.42,31423.678
633,300621.SZ,20170721,18.71,18.86,18.43,18.5,18.8,-0.3,-1.6,12567.34,23424.375
634,300621.SZ,20170720,18.84,19.29,18.71,18.8,18.97,-0.17,-0.9,12790.05,24360.504
635,300621.SZ,20170719,18.83,19.19,18.55,18.97,18.91,0.06,0.32,11809.16,22275.884
636,300621.SZ,20170718,18.98,19.15,18.5,18.91,19.08,-0.17,-0.89,18113.69,34116.318
637,300621.SZ,20170717,20.82,20.93,19.08,19.08,21.2,-2.12,-10.0,29204.95,57297.451
638,300621.SZ,20170714,21.25,21.47,21.09,21.2,21.19,0.01,0.05,10102.67,21485.326
639,300621.SZ,20170713,21.48,21.48,21.08,21.19,21.51,-0.32,-1.49,12026.38,25488.241
640,300621.SZ,20170712,21.22,21.53,20.84,21.51,21.22,0.29,1.37,15221.4,32343.442
641,300621.SZ,20170711,21.68,21.85,21.22,21.22,21.6,-0.38,-1.76,14577.56,31429.868
642,300621.SZ,20170710,22.48,22.59,21.6,21.6,22.8,-1.2,-5.26,31219.82,68646.008
643,300621.SZ,20170707,22.47,23.15,22.26,22.8,22.47,0.33,1.47,29846.92,68137.766
644,300621.SZ,20170706,22.3,22.82,22.03,22.47,22.25,0.22,0.99,28710.53,64423.663
645,300621.SZ,20170705,21.69,22.35,21.63,22.25,21.7,0.55,2.53,25765.35,56926.971
646,300621.SZ,20170704,21.72,21.86,21.45,21.7,21.74,-0.04,-0.18,14948.86,32363.412
647,300621.SZ,20170703,21.5,21.81,21.35,21.74,21.54,0.2,0.93,14533.34,31428.611
648,300621.SZ,20170630,20.99,21.7,20.8,21.54,21.05,0.49,2.33,17943.01,38308.134
649,300621.SZ,20170629,21.01,21.29,20.91,21.05,20.97,0.08,0.38,9388.06,19798.628
650,300621.SZ,20170628,21.34,21.34,20.82,20.97,21.4,-0.43,-2.01,11620.95,24406.532
651,300621.SZ,20170627,21.37,21.54,21.13,21.4,21.34,0.06,0.28,10353.45,22131.043
652,300621.SZ,20170626,21.13,21.37,20.9,21.34,21.13,0.21,0.99,9683.27,20526.946
653,300621.SZ,20170623,21.28,21.3,20.55,21.13,21.05,0.08,0.38,12173.48,25517.626
654,300621.SZ,20170622,21.79,21.97,21.05,21.05,21.85,-0.8,-3.66,14553.89,31347.151
655,300621.SZ,20170621,22.13,22.13,21.6,21.85,22.0,-0.15,-0.68,12625.74,27558.852
656,300621.SZ,20170620,22.37,22.38,21.86,22.0,22.2,-0.2,-0.9,13765.63,30479.367
657,300621.SZ,20170619,22.15,22.28,21.9,22.2,22.0,0.2,0.91,11700.49,25876.315
658,300621.SZ,20170616,22.06,22.28,21.8,22.0,22.1,-0.1,-0.45,13822.13,30381.482
659,300621.SZ,20170615,21.42,22.3,21.42,22.1,21.48,0.62,2.89,22076.04,48660.626
660,300621.SZ,20170614,21.5,21.65,21.18,21.48,21.6,-0.12,-0.56,12783.31,27411.7
661,300621.SZ,20170613,20.8,21.66,20.77,21.6,20.92,0.68,3.25,15460.58,33102.428
662,300621.SZ,20170612,21.72,21.82,20.9,20.92,22.2,-1.28,-5.77,18965.26,40479.752
663,300621.SZ,20170609,22.02,22.25,21.7,22.2,22.01,0.19,0.86,18664.25,41041.803
664,300621.SZ,20170608,22.4,22.4,21.9,22.01,22.25,-0.24,-1.08,20296.42,45026.455
665,300621.SZ,20170607,21.12,22.33,21.12,22.25,21.32,0.93,4.36,24173.68,53129.983
666,300621.SZ,20170606,21.09,21.45,20.71,21.32,21.19,0.13,0.61,11981.82,25411.966
667,300621.SZ,20170605,21.4,21.56,21.02,21.19,20.98,0.21,1.0,15598.13,33261.181
668,300621.SZ,20170602,20.3,21.16,20.16,20.98,20.25,0.73,3.6,19487.6,40302.938
669,300621.SZ,20170601,21.55,21.8,20.22,20.25,21.95,-1.7,-7.74,23468.34,49517.712
670,300621.SZ,20170531,23.0,23.28,21.81,21.95,22.1,-0.15,-0.68,30485.48,69600.834
671,300621.SZ,20170526,21.55,22.4,21.5,22.1,21.66,0.44,2.03,20973.66,45986.736
672,300621.SZ,20170525,21.68,21.97,20.67,21.66,21.81,-0.15,-0.69,23694.44,50587.334
673,300621.SZ,20170524,21.5,21.89,21.0,21.81,21.46,0.35,1.63,18604.35,40097.12
674,300621.SZ,20170523,22.8,23.19,21.34,21.46,23.0,-1.54,-6.7,23172.52,51487.243
675,300621.SZ,20170522,24.49,24.55,22.81,23.0,24.49,-1.49,-6.08,29408.56,69367.593
676,300621.SZ,20170519,25.06,25.23,24.46,24.49,25.06,-0.57,-2.27,19525.41,48357.228
677,300621.SZ,20170518,25.08,25.45,24.93,25.06,25.45,-0.39,-1.53,20176.24,50822.929
678,300621.SZ,20170517,25.3,26.02,25.18,25.45,25.29,0.16,0.63,31653.14,81081.824
679,300621.SZ,20170516,24.3,25.29,24.02,25.29,24.62,0.67,2.72,28841.06,71089.31
680,300621.SZ,20170515,25.0,25.27,24.58,24.62,24.58,0.04,0.16,23709.27,58994.666
681,300621.SZ,20170512,24.12,24.86,24.03,24.58,24.36,0.22,0.9,26334.76,64455.868
682,300621.SZ,20170511,23.5,24.44,23.21,24.36,23.83,0.53,2.22,28092.79,66790.317
683,300621.SZ,20170510,24.61,25.07,23.81,23.83,24.77,-0.94,-3.79,30148.98,74365.302
684,300621.SZ,20170509,24.0,24.95,23.92,24.77,24.33,0.44,1.81,24515.69,60141.946
685,300621.SZ,20170508,25.02,25.02,24.24,24.33,25.23,-0.9,-3.57,20477.7,50654.742
686,300621.SZ,20170505,26.38,26.45,25.21,25.23,26.55,-1.32,-4.97,29175.24,75508.685
687,300621.SZ,20170504,27.01,27.05,26.5,26.55,27.19,-0.64,-2.35,29040.38,77717.513
688,300621.SZ,20170503,26.66,27.23,26.61,27.19,26.65,0.54,2.03,38064.82,102533.257
689,300621.SZ,20170502,27.05,27.08,26.4,26.65,26.77,-0.12,-0.45,24861.4,66369.183
690,300621.SZ,20170428,26.7,27.15,26.45,26.77,26.91,-0.14,-0.52,36400.53,97465.976
691,300621.SZ,20170427,25.0,27.58,24.83,26.91,25.11,1.8,7.17,60052.17,157443.702
692,300621.SZ,20170426,24.88,25.52,24.61,25.11,24.9,0.21,0.84,26115.88,65815.749
693,300621.SZ,20170425,24.82,25.26,24.67,24.9,24.54,0.36,1.47,26056.75,65048.361
694,300621.SZ,20170424,25.99,26.04,24.0,24.54,26.0,-1.46,-5.62,27652.38,68884.106
695,300621.SZ,20170421,26.15,26.52,25.92,26.0,26.23,-0.23,-0.88,21049.45,55095.912
696,300621.SZ,20170420,26.9,27.08,25.74,26.23,26.99,-0.76,-2.82,38319.82,101260.374
697,300621.SZ,20170419,25.38,27.15,25.38,26.99,25.81,1.18,4.57,46790.74,123556.791
698,300621.SZ,20170418,26.01,26.46,25.79,25.81,25.82,-0.01,-0.04,35527.26,92953.36
699,300621.SZ,20170417,26.84,27.05,25.82,25.82,28.69,-2.87,-10.0,54855.39,144145.193
700,300621.SZ,20170414,29.2,29.45,28.52,28.69,29.62,-0.93,-3.14,42918.85,123997.255
701,300621.SZ,20170413,29.78,30.79,29.35,29.62,30.13,-0.51,-1.69,51648.94,155229.957
702,300621.SZ,20170412,30.9,31.96,30.04,30.13,31.45,-1.32,-4.2,64806.0,200907.757
703,300621.SZ,20170411,30.0,31.49,29.66,31.45,30.46,0.99,3.25,73165.44,224583.091
704,300621.SZ,20170410,32.31,32.75,30.45,30.46,33.83,-3.37,-9.96,108104.6,341359.842
705,300621.SZ,20170407,35.49,36.61,33.76,33.83,36.89,-3.06,-8.29,155922.42,548233.704
706,300621.SZ,20170406,34.1,36.89,34.1,36.89,33.54,3.35,9.99,179417.22,648292.891
707,300621.SZ,20170405,32.87,35.0,32.01,33.54,35.31,-1.77,-5.01,157894.7,527364.75
708,300621.SZ,20170331,35.31,35.31,35.31,35.31,32.1,3.21,10.0,3348.45,11823.376
709,300621.SZ,20170330,32.1,32.1,32.1,32.1,29.18,2.92,10.01,2267.64,7279.124
710,300621.SZ,20170329,29.18,29.18,29.18,29.18,26.53,2.65,9.99,381.83,1114.179
711,300621.SZ,20170328,26.53,26.53,26.53,26.53,24.12,2.41,9.99,129.0,342.237
712,300621.SZ,20170327,24.12,24.12,24.12,24.12,21.93,2.19,9.99,86.0,207.432
713,300621.SZ,20170324,21.93,21.93,21.93,21.93,19.94,1.99,9.98,157.3,344.958
714,300621.SZ,20170323,19.94,19.94,19.94,19.94,18.13,1.81,9.98,41.0,81.754
715,300621.SZ,20170322,18.13,18.13,18.13,18.13,16.48,1.65,10.01,27.0,48.951
716,300621.SZ,20170321,16.48,16.48,16.48,16.48,14.98,1.5,10.01,31.67,52.192
717,300621.SZ,20170320,14.98,14.98,14.98,14.98,13.62,1.36,9.99,29.0,43.442
718,300621.SZ,20170317,13.62,13.62,13.62,13.62,12.38,1.24,10.02,41.0,55.842
719,300621.SZ,20170316,10.32,12.38,10.32,12.38,8.6,3.78,43.95,72.67,89.244
